{"matrix": [[1.0007368047009704, -0.009591730653373404, -189.30551126350633], [0.006233489380304574, 0.9973583584180202, -21.468139072391352], [1.3610240011835114e-05, -1.2473935708864762e-05, 1.0]], "width": 264.0, "height": 459.0}